{"cameraMode":{"drawMode":31,"name":"Sprite Mask","section":"Miscellaneous"},"sceneLighting":true,"audioPlay":false,"sceneViewState":{"showFog":true,"showMaterialUpdate":false,"showSkybox":true,"showFlares":true,"showImageEffects":true,"showParticleSystems":true},"in2DMode":false,"pivot":{"x":3.3797688484191896,"y":0.8590874671936035,"z":-6.560739517211914},"rotation":{"x":0.19206178188323975,"y":0.44053348898887637,"z":-0.09707792103290558,"w":0.8715620040893555},"size":22.5762882232666,"orthographic":false}